KEY,CODE_ID,PRICETYPE_ID,TIMESTAMP_ID,名称,类型,类别,QUOTE_ID,PRICEREPORTITEMID,FORWARD_PERIOD,FORWARD_YEAR,UNIT_ID1,UNIT_ID2
33030|5|9,33030,5,9,代码 33030（PT5/TS9）,日,其他,330300901,0,2026,2026,3,44
4251|4|0,4251,4,0,"ICI 1（印尼 6,500 GAR，周）",周,煤炭,42510000,0,32,2026,3,44
45498|8|6,45498,8,6,代码 45498（PT8/TS6）,日,其他,454980600,0,0,2026,3,44
45497|8|6,45497,8,6,代码 45497（PT8/TS6）,日,其他,454970600,0,0,2026,3,44
45496|8|6,45496,8,6,代码 45496（PT8/TS6）,日,其他,454960600,0,0,2026,3,44
45495|8|0,45495,8,0,代码 45495（PT8/TS0）,周,其他,454950000,0,0,2026,3,44
45494|8|0,45494,8,0,代码 45494（PT8/TS0）,周,其他,454940000,0,0,2026,3,44
45493|8|0,45493,8,0,代码 45493（PT8/TS0）,周,其他,454930000,0,0,2026,3,44
45492|8|0,45492,8,0,代码 45492（PT8/TS0）,周,其他,454920000,0,0,2026,3,44
45491|8|0,45491,8,0,代码 45491（PT8/TS0）,周,其他,454910000,0,0,2026,3,44
45499|8|6,45499,8,6,代码 45499（PT8/TS6）,日,其他,454990600,0,0,2026,3,44
9546|8|6,9546,8,6,"Argus ICI 5 日度（印尼 3,400 GAR）",日,煤炭,95460600,0,0,2026,3,44
41769|3|6,41769,3,6,代码 41769（PT3/TS6）,日,其他,417690600,0,0,2026,3,44
41769|8|6,41769,8,6,代码 41769（PT8/TS6）,日,其他,417690600,0,0,2026,3,44
5485|8|6,5485,8,6,"Argus ICI 4 日度（印尼 4,200 GAR）",日,煤炭,54850600,0,0,2026,3,44
4112|8|6,4112,8,6,"Argus ICI 3 日度（印尼 5,000 GAR）",日,煤炭,41120600,0,0,2026,3,44
3090|8|6,3090,8,6,"Argus ICI 2 日度（印尼 5,800 GAR）",日,煤炭,30900600,0,0,2026,3,44
2587|8|6,2587,8,6,"Argus ICI 1 日度（印尼 6,500 GAR）",日,煤炭,25870600,0,0,2026,3,44
9543|4|0,9543,4,0,"ICI 5（印尼 3,400 GAR，周）",周,煤炭,95430000,0,32,2026,3,44
5483|4|0,5483,4,0,"ICI 4（印尼 4,200 GAR，周）",周,煤炭,54830000,0,32,2026,3,44
4253|4|0,4253,4,0,"ICI 3（印尼 5,000 GAR，周）",周,煤炭,42530000,0,32,2026,3,44
4252|4|0,4252,4,0,"ICI 2（印尼 5,800 GAR，周）",周,煤炭,42520000,0,32,2026,3,44
45500|8|6,45500,8,6,代码 45500（PT8/TS6）,日,其他,455000600,0,0,2026,3,44
10632|4|0,10632,4,0,"API 5 指数（周，fob 纽卡斯尔 5,500）",周,煤炭,106320000,0,32,2026,3,44
29037|8|6,29037,8,6,代码 29037（PT8/TS6）,日,其他,290370600,0,0,2026,3,44
29036|8|6,29036,8,6,代码 29036（PT8/TS6）,日,其他,290360600,0,0,2026,3,44
33303|8|6,33303,8,6,代码 33303（PT8/TS6）,日,其他,333030600,0,0,2026,3,44
32883|8|6,32883,8,6,代码 32883（PT8/TS6）,日,其他,328830600,0,0,2026,3,44
6642|8|6,6642,8,6,秦皇岛内贸 fob（周均价）,日,煤炭,66420600,0,0,2026,3,44
2584|8|6,2584,8,6,代码 2584（PT8/TS6）,日,其他,25840600,0,0,2026,3,44
2583|8|6,2583,8,6,代码 2583（PT8/TS6）,日,其他,25830600,0,0,2026,3,44
13231|8|6,13231,8,6,代码 13231（PT8/TS6）,日,其他,132310600,0,0,2026,3,44
13230|8|6,13230,8,6,代码 13230（PT8/TS6）,日,其他,132300600,0,0,2026,3,44
13229|8|6,13229,8,6,代码 13229（PT8/TS6）,日,其他,132290600,0,0,2026,3,44
8803|8|6,8803,8,6,"华南 CFR 5,500 kcal（周均价）",日,煤炭,88030600,0,0,2026,3,44
9852|8|6,9852,8,6,"纽卡斯尔 5,500 kcal fob（周均价）",日,煤炭,98520600,0,0,2026,3,44
2586|8|6,2586,8,6,"纽卡斯尔 6,000 kcal fob（周均价）",日,煤炭,25860600,0,0,2026,3,44
13892|4|0,13892,4,0,"API 12 指数（周，cfr 印度 5,500）",周,煤炭,138920000,0,32,2026,3,44
10633|4|0,10633,4,0,"API 8 指数（周，cfr 华南 5,500）",周,煤炭,106330000,0,32,2026,3,44
3076|4|0,3076,4,0,"API 6 指数（周，fob 纽卡斯尔 6,000）",周,煤炭,30760000,0,32,2026,3,44
29038|8|6,29038,8,6,代码 29038（PT8/TS6）,日,其他,290380600,0,0,2026,3,44
29039|8|6,29039,8,6,代码 29039（PT8/TS6）,日,其他,290390600,0,0,2026,3,44
40601|4|0,40601,4,0,代码 40601（PT4/TS0）,周,其他,406010001,0,7,2026,3,44
40613|4|0,40613,4,0,代码 40613（PT4/TS0）,周,其他,406130001,0,7,2026,3,44
40614|4|0,40614,4,0,代码 40614（PT4/TS0）,周,其他,406140001,0,7,2026,3,44
40611|17|0,40611,17,0,代码 40611（PT17/TS0）,周,其他,406110001,0,7,2026,3,44
40612|4|0,40612,4,0,代码 40612（PT4/TS0）,周,其他,406120001,0,7,2026,3,44
40617|8|0,40617,8,0,代码 40617（PT8/TS0）,周,其他,406170001,0,7,2026,3,44
40618|8|0,40618,8,0,代码 40618（PT8/TS0）,周,其他,406180001,0,7,2026,3,44
40615|8|0,40615,8,0,代码 40615（PT8/TS0）,周,其他,406150001,0,7,2026,3,44
40616|8|0,40616,8,0,代码 40616（PT8/TS0）,周,其他,406160001,0,7,2026,3,44
40610|17|0,40610,17,0,代码 40610（PT17/TS0）,周,其他,406100001,0,7,2026,3,44
40604|8|0,40604,8,0,代码 40604（PT8/TS0）,周,其他,406040001,0,7,2026,3,44
40605|17|0,40605,17,0,代码 40605（PT17/TS0）,周,其他,406050001,0,7,2026,3,44
40602|4|0,40602,4,0,代码 40602（PT4/TS0）,周,其他,406020001,0,7,2026,3,44
40603|17|0,40603,17,0,代码 40603（PT17/TS0）,周,其他,406030001,0,7,2026,3,44
40608|8|0,40608,8,0,代码 40608（PT8/TS0）,周,其他,406080001,0,7,2026,3,44
40609|17|0,40609,17,0,代码 40609（PT17/TS0）,周,其他,406090001,0,7,2026,3,44
40606|8|0,40606,8,0,代码 40606（PT8/TS0）,周,其他,406060001,0,7,2026,3,44
40607|17|0,40607,17,0,代码 40607（PT17/TS0）,周,其他,406070001,0,7,2026,3,44
47332|8|26,47332,8,26,代码 47332（PT8/TS26）,日,其他,473322600,0,0,2026,3,44
7773|4|0,7773,4,0,"API 2 指数（日，cif ARA 6,000）",周,煤炭,77730000,0,0,2026,3,44
15146|8|6,15146,8,6,代码 15146（PT8/TS6）,日,其他,151460601,0,2027,2027,3,44
4414|8|0,4414,8,0,代码 4414（PT8/TS0）,周,其他,44140000,0,0,2026,3,44
4415|8|0,4415,8,0,代码 4415（PT8/TS0）,周,其他,44150000,0,0,2026,3,44
4418|8|0,4418,8,0,代码 4418（PT8/TS0）,周,其他,44180000,0,0,2026,3,44
4420|8|0,4420,8,0,代码 4420（PT8/TS0）,周,其他,44200000,0,0,2026,3,44
4421|8|0,4421,8,0,代码 4421（PT8/TS0）,周,其他,44210000,0,0,2026,3,44
10593|8|0,10593,8,0,代码 10593（PT8/TS0）,周,其他,105930000,0,0,2026,3,44
10595|8|0,10595,8,0,代码 10595（PT8/TS0）,周,其他,105950000,0,0,2026,3,44
5486|8|0,5486,8,0,代码 5486（PT8/TS0）,周,其他,54860000,0,0,2026,3,44
10597|8|0,10597,8,0,代码 10597（PT8/TS0）,周,其他,105970000,0,0,2026,3,44
9547|8|0,9547,8,0,代码 9547（PT8/TS0）,周,其他,95470000,0,0,2026,3,44
15282|8|0,15282,8,0,代码 15282（PT8/TS0）,周,其他,152820000,0,0,2026,3,44
15283|8|0,15283,8,0,代码 15283（PT8/TS0）,周,其他,152830000,0,0,2026,3,44
4423|8|0,4423,8,0,代码 4423（PT8/TS0）,周,其他,44230000,0,0,2026,3,44
15145|8|6,15145,8,6,代码 15145（PT8/TS6）,日,其他,151450601,0,4,2026,3,44
15144|8|6,15144,8,6,代码 15144（PT8/TS6）,日,其他,151440601,0,9,2026,3,44
3087|3|6,3087,3,6,代码 3087（PT3/TS6）,日,其他,30870600,0,0,2026,3,44
3087|6|6,3087,6,6,代码 3087（PT6/TS6）,日,其他,30870600,0,0,2026,3,44
3087|7|6,3087,7,6,代码 3087（PT7/TS6）,日,其他,30870600,0,0,2026,3,44
3088|1|6,3088,1,6,代码 3088（PT1/TS6）,日,其他,30880601,0,4,2026,3,44
3089|1|6,3089,1,6,代码 3089（PT1/TS6）,日,其他,30890601,0,2027,2027,3,44
3088|2|6,3088,2,6,代码 3088（PT2/TS6）,日,其他,30880601,0,4,2026,3,44
3089|2|6,3089,2,6,代码 3089（PT2/TS6）,日,其他,30890601,0,2027,2027,3,44
27071|3|6,27071,3,6,代码 27071（PT3/TS6）,日,其他,270710601,0,9,2026,3,44
32408|8|6,32408,8,6,代码 32408（PT8/TS6）,日,其他,324080600,0,0,2026,3,44
32409|8|6,32409,8,6,代码 32409（PT8/TS6）,日,其他,324090600,0,0,2026,3,44
32410|8|6,32410,8,6,代码 32410（PT8/TS6）,日,其他,324100600,0,0,2026,3,44
32411|8|6,32411,8,6,代码 32411（PT8/TS6）,日,其他,324110600,0,0,2026,3,44
32412|8|6,32412,8,6,代码 32412（PT8/TS6）,日,其他,324120600,0,0,2026,3,44
32413|8|6,32413,8,6,代码 32413（PT8/TS6）,日,其他,324130600,0,0,2026,3,44
32414|8|6,32414,8,6,代码 32414（PT8/TS6）,日,其他,324140600,0,0,2026,3,44
32415|8|6,32415,8,6,代码 32415（PT8/TS6）,日,其他,324150600,0,0,2026,3,44
27554|8|6,27554,8,6,代码 27554（PT8/TS6）,日,其他,275540600,0,0,2026,3,44
32416|8|6,32416,8,6,代码 32416（PT8/TS6）,日,其他,324160600,0,0,2026,3,44
32418|8|6,32418,8,6,代码 32418（PT8/TS6）,日,其他,324180600,0,0,2026,3,44
32419|8|6,32419,8,6,代码 32419（PT8/TS6）,日,其他,324190600,0,0,2026,3,44
29040|8|6,29040,8,6,代码 29040（PT8/TS6）,日,其他,290400600,0,0,2026,3,44
29041|8|6,29041,8,6,代码 29041（PT8/TS6）,日,其他,290410600,0,0,2026,3,44
45531|8|8,45531,8,8,代码 45531（PT8/TS8）,日,其他,455310800,0,0,2026,3,44
45534|8|8,45534,8,8,代码 45534（PT8/TS8）,日,其他,455340800,0,0,2026,3,44
32417|8|6,32417,8,6,代码 32417（PT8/TS6）,日,其他,324170600,0,0,2026,3,44
27553|8|6,27553,8,6,代码 27553（PT8/TS6）,日,其他,275530600,0,0,2026,3,44
27552|8|6,27552,8,6,代码 27552（PT8/TS6）,日,其他,275520600,0,0,2026,3,44
27551|8|6,27551,8,6,代码 27551（PT8/TS6）,日,其他,275510600,0,0,2026,3,44
27072|8|6,27072,8,6,代码 27072（PT8/TS6）,日,其他,270720600,0,0,2026,3,44
12678|8|6,12678,8,6,"理查兹湾 5,500 kcal fob（周均价）",日,煤炭,126780600,0,0,2026,3,44
27074|3|6,27074,3,6,代码 27074（PT3/TS6）,日,其他,270740601,0,9,2026,3,44
27075|8|6,27075,8,6,代码 27075（PT8/TS6）,日,其他,270750600,0,0,2026,3,44
24496|8|6,24496,8,6,"理查兹湾 5,700 NAR fob（2个月）",日,煤炭,244960600,0,0,2026,3,44
27077|3|6,27077,3,6,代码 27077（PT3/TS6）,日,其他,270770601,0,9,2026,3,44
27078|8|6,27078,8,6,代码 27078（PT8/TS6）,日,其他,270780600,0,0,2026,3,44
27214|8|0,27214,8,0,"理查兹湾 6,000 kcal fob（周均价）",周,煤炭,272140000,0,32,2026,3,44
27216|8|0,27216,8,0,"ARA 6,000 kcal cif（周均价）",周,煤炭,272160000,0,32,2026,3,44
27279|8|6,27279,8,6,代码 27279（PT8/TS6）,日,其他,272790600,0,0,2026,3,44
27545|8|6,27545,8,6,代码 27545（PT8/TS6）,日,其他,275450600,0,0,2026,3,44
27546|8|6,27546,8,6,代码 27546（PT8/TS6）,日,其他,275460600,0,0,2026,3,44
27547|8|6,27547,8,6,代码 27547（PT8/TS6）,日,其他,275470600,0,0,2026,3,44
27548|8|6,27548,8,6,代码 27548（PT8/TS6）,日,其他,275480600,0,0,2026,3,44
27549|8|6,27549,8,6,代码 27549（PT8/TS6）,日,其他,275490600,0,0,2026,3,44
27550|8|6,27550,8,6,代码 27550（PT8/TS6）,日,其他,275500600,0,0,2026,3,44
27070|8|6,27070,8,6,"理查兹湾 4,800 kcal fob（周均价）",日,煤炭,270700600,0,0,2026,3,44
2645|2|6,2645,2,6,代码 2645（PT2/TS6）,日,其他,26450601,0,2027,2027,3,44
46775|8|0,46775,8,0,代码 46775（PT8/TS0）,周,其他,467750000,0,32,2026,3,44
46776|8|0,46776,8,0,代码 46776（PT8/TS0）,周,其他,467760000,0,32,2026,3,44
46777|8|0,46777,8,0,代码 46777（PT8/TS0）,周,其他,467770000,0,32,2026,3,44
46778|8|0,46778,8,0,代码 46778（PT8/TS0）,周,其他,467780000,0,8,2026,3,44
46779|8|0,46779,8,0,代码 46779（PT8/TS0）,周,其他,467790000,0,8,2026,3,44
46937|3|6,46937,3,6,代码 46937（PT3/TS6）,日,其他,469370601,0,9,2026,3,44
2581|8|6,2581,8,6,波罗的海港口 fob（周均价）,日,煤炭,25810600,0,0,2026,3,44
46774|8|0,46774,8,0,代码 46774（PT8/TS0）,周,其他,467740000,0,32,2026,3,44
2582|8|6,2582,8,6,"Vostochny 6,000 kcal fob（周均价）",日,煤炭,25820600,0,0,2026,3,44
20205|8|6,20205,8,6,Black Sea fob（周均价）,日,煤炭,202050600,0,0,2026,3,44
34996|8|6,34996,8,6,代码 34996（PT8/TS6）,日,其他,349960600,0,0,2026,3,44
2646|1|6,2646,1,6,代码 2646（PT1/TS6）,日,其他,26460601,0,9,2026,3,44
2636|1|6,2636,1,6,代码 2636（PT1/TS6）,日,其他,26360601,0,4,2026,3,44
20204|8|6,20204,8,6,"Vostochny 5,500 kcal fob（周均价）",日,煤炭,202040600,0,0,2026,3,44
46773|8|0,46773,8,0,代码 46773（PT8/TS0）,周,其他,467730000,0,32,2026,3,44
24497|8|6,24497,8,6,"ARA 5,700 NAR cif（2个月）",日,煤炭,244970600,0,0,2026,3,44
2608|8|6,2608,8,6,"API 2 现货（6,000 NAR cif ARA 2个月）",日,煤炭,26080600,0,0,2026,3,44
7774|4|0,7774,4,0,"API 4 指数（日，fob 理查兹湾 6,000）",周,煤炭,77740000,0,0,2026,3,44
2140|4|0,2140,4,0,"API 2 指数（周，cif ARA 6,000）",周,煤炭,21400000,0,32,2026,3,44
2141|4|0,2141,4,0,"API 4 指数（周，fob 理查兹湾 6,000）",周,煤炭,21410000,0,32,2026,3,44
12924|4|0,12924,4,0,"API 3 指数（周，fob 理查兹湾 5,500）",周,煤炭,129240000,0,32,2026,3,44
31804|8|6,31804,8,6,代码 31804（PT8/TS6）,日,其他,318040600,0,32,2026,3,44
31805|8|6,31805,8,6,代码 31805（PT8/TS6）,日,其他,318050600,0,32,2026,3,44
31806|8|6,31806,8,6,代码 31806（PT8/TS6）,日,其他,318060600,0,32,2026,3,44
11139|8|6,11139,8,6,Turkey supra cif（周均价）,日,煤炭,111390600,0,0,2026,3,44
9657|8|6,9657,8,6,Turkey mini bulk cif（周均价）,日,煤炭,96570600,0,0,2026,3,44
2579|8|6,2579,8,6,"API 4 现货（6,000 NAR fob 理查兹湾 2个月）",日,煤炭,25790600,0,0,2026,3,44
24841|2|6,24841,2,6,代码 24841（PT2/TS6）,日,其他,248410601,0,2027,2027,3,44
2648|1|6,2648,1,6,代码 2648（PT1/TS6）,日,其他,26480601,0,9,2026,3,44
2644|1|6,2644,1,6,代码 2644（PT1/TS6）,日,其他,26440601,0,4,2026,3,44
2645|1|6,2645,1,6,代码 2645（PT1/TS6）,日,其他,26450601,0,2027,2027,3,44
2648|2|6,2648,2,6,代码 2648（PT2/TS6）,日,其他,26480601,0,9,2026,3,44
2644|2|6,2644,2,6,代码 2644（PT2/TS6）,日,其他,26440601,0,4,2026,3,44
24840|2|6,24840,2,6,代码 24840（PT2/TS6）,日,其他,248400601,0,4,2026,3,44
24839|2|6,24839,2,6,代码 24839（PT2/TS6）,日,其他,248390601,0,9,2026,3,44
2641|1|6,2641,1,6,代码 2641（PT1/TS6）,日,其他,26410601,0,2027,2027,3,44
2646|2|6,2646,2,6,代码 2646（PT2/TS6）,日,其他,26460601,0,9,2026,3,44
2636|2|6,2636,2,6,代码 2636（PT2/TS6）,日,其他,26360601,0,4,2026,3,44
2641|2|6,2641,2,6,代码 2641（PT2/TS6）,日,其他,26410601,0,2027,2027,3,44
24839|1|6,24839,1,6,代码 24839（PT1/TS6）,日,其他,248390601,0,9,2026,3,44
24840|1|6,24840,1,6,代码 24840（PT1/TS6）,日,其他,248400601,0,4,2026,3,44
24841|1|6,24841,1,6,代码 24841（PT1/TS6）,日,其他,248410601,0,2027,2027,3,44
45536|8|8,45536,8,8,代码 45536（PT8/TS8）,日,其他,455360800,0,0,2026,3,44
3088|8|6,3088,8,6,代码 3088（PT8/TS6）,日,其他,30880601,0,4,2026,3,44
3089|8|6,3089,8,6,代码 3089（PT8/TS6）,日,其他,30890601,0,2027,2027,3,44
2645|8|6,2645,8,6,代码 2645（PT8/TS6）,日,其他,26450601,0,2027,2027,3,44
2646|8|6,2646,8,6,代码 2646（PT8/TS6）,日,其他,26460601,0,9,2026,3,44
2636|8|6,2636,8,6,代码 2636（PT8/TS6）,日,其他,26360601,0,4,2026,3,44
24841|8|6,24841,8,6,代码 24841（PT8/TS6）,日,其他,248410601,0,2027,2027,3,44
2648|8|6,2648,8,6,代码 2648（PT8/TS6）,日,其他,26480601,0,9,2026,3,44
2644|8|6,2644,8,6,代码 2644（PT8/TS6）,日,其他,26440601,0,4,2026,3,44
24840|8|6,24840,8,6,代码 24840（PT8/TS6）,日,其他,248400601,0,4,2026,3,44
24839|8|6,24839,8,6,代码 24839（PT8/TS6）,日,其他,248390601,0,9,2026,3,44
2641|8|6,2641,8,6,代码 2641（PT8/TS6）,日,其他,26410601,0,2027,2027,3,44
9290|1|21,9290,1,21,代码 9290（PT1/TS21）,周,煤炭,92902100,0,0,2026,3,44
9290|2|21,9290,2,21,代码 9290（PT2/TS21）,周,煤炭,92902100,0,0,2026,3,44
2588|8|21,2588,8,21,Puerto Bolivar fob（周均价）,周,煤炭,25882100,0,0,2026,3,44
9291|8|21,9291,8,21,代码 9291（PT8/TS21）,周,其他,92912100,0,0,2026,3,44
9290|8|21,9290,8,21,"汉普顿路 6,000 kcal fob（周均价）",周,煤炭,92902100,0,0,2026,3,44
12111|4|0,12111,4,0,"API 10 指数（周，fob Puerto Bolivar 6,000）",周,煤炭,121110000,0,32,2026,3,44
